{"k": 2, "centroids": [[-0.005689873500218261, 0.020471506928809162, -0.05690556183734796, -0.04765762322424582, 0.034666773566465435, -0.023723488851946018, -0.061124127204229654, -0.015107719612109168, 0.03912831384877789, 0.03185763692078668, -0.022307364038199277, -0.03110583233454589, 0.04191729509400301, -0.026804736825837408, 0.07776137618648428, -0.055597944206731004, -0.022555919241107576, -0.024096060303441726, -0.03975921752346274, 0.00022547668636581364, 0.014083115110782137, 0.060592794588075996, -0.03876835840374922, 0.0003623632675896146, -0.08695364150879623, 0.010671693524918459, -0.04698438943746769, 0.011041541604138366, 0.031044786967780284, -0.05972824159318656, 0.05202299093962797, -0.030520958287407716, -0.0022099803534201407, 0.052644296143919384, 0.019191795226839795, 0.04930598552633575, 0.03773179975283829, -0.07113468243117115, -0.021824131266546302, 0.021773975550933113, 0.01234615249784603, -0.0031011542349945135, 0.0009216269363898945, -0.025007386716630053, -0.0009701728103532481, 0.01973098168626512, 0.007980974019442123, -0.04225939275572946, -0.021449013844000046, -0.002555717244244832, 0.017399135287720968, -0.04077478980405198, 0.0017771452574731686, 0.03473919935640888, -0.0015968066300927203, 0.05433292694825443, -0.03392587759299205, 0.011803601585157784, -0.024958171529555446, -0.04587219043018957, 0.04486428733047601, -0.06831534368370004, 0.05913668350718408, -0.00812249616325477, 0.021211671646978562, 0.059017669687408084, -0.008629019631987287, -0.020429591037686965, 0.03133719312550497, -0.008494133296182833, -0.019988376078183677, -0.06700046042791535, -0.05234907183706037, 0.03176271242151537, 0.03232404764628055, 0.03863113018474728, 0.04985234238237384, 0.03158418198056042, 0.022271653640341255, -0.05514864624860967, -0.05419589773631624, 0.03198517252871352, -0.056801408822197585, 0.06852375198486112, -0.03463586411256864, -0.019839655198372753, -0.029158888293632987, -0.05088292147528621, 0.013026981668043572, 0.056554335473676075, 0.02172297339383212, -0.08184618517688862, 0.023826112019671726, 0.003938514189705467, -0.02520559595676225, 0.0029383737477943466, -0.034888279112619144, -0.020128385851949815, -3.890663004230133e-05, -0.007645580739922702, -0.006584125429482442, 0.006115833480679091, 0.024998487366364366, 0.014615646374060744, 0.00877857861033527, 0.0191007843787966, -0.05040457969599022, 0.06143590359880047, -0.025381741605439944, -0.023787761260586373, 0.01996803807090939, -0.022758232487361824, -0.03422605878609649, -0.0474215423136258, -0.009944942429654248, -0.0410309114827653, -0.018490598555804514, -0.0807878340579449, 0.05063950573422783, 0.024120319341525323, 0.06257221313013175, -0.01861218127466982, 0.03066368168266863, -0.027153465912100935, -0.0704451660304556, -0.012175249619758723, -0.04315455845602215, 1.9897984937562173e-33, 0.0017005470418229932, 0.003364169194795902, -0.009760796134698116, -0.006358965965186867, 0.050539020931483394, 0.027895435083924107, -0.04348972361279473, 0.0240255311554422, -0.028361048575701046, -0.0020771047622416133, -0.04592222392121558, 0.027215391243038158, -0.016968133246747695, -0.018428190536665646, -0.00571902197747657, 0.009561265302005661, -0.017864771668809624, 0.04654832130551856, -0.011642079941108493, 0.00431421583136633, 0.00037340742886543543, 0.03217424764255641, 0.005359831510788553, -0.03680326663438345, 0.07480775382305925, -0.0511468461406747, 0.016230846668364572, -0.06254935909002535, 0.005568498508505132, 0.037575193924919474, 0.02451679863166174, 0.017287373145776545, -0.006597007184492203, -0.036092133400210544, 0.020239427983817157, 0.014381695587578507, -0.045505368403316815, -3.470450950946954e-05, -0.06518205687133291, 0.01899887576925511, 0.0563418953416628, -0.004236691988192095, -0.03495035093698282, 0.034712826041927214, -0.0039132804051934325, 0.0041067122532211, 0.011218814164279937, 0.020151552632958036, 0.047911219941001504, -0.03295344874617681, -0.0026179302810980555, 0.005174538179304449, 0.06131095510922492, -0.03488865685111736, 0.04832009907113387, -0.02972800963916888, -0.006802746175502968, -0.0035607900382243762, -0.01614811138032598, 0.015332381857837014, -0.07105194938354069, 0.0010613896325418325, -0.0055172885649587885, 0.0316259821226977, 0.003773303448049811, 0.007568158022496135, -0.05023397984839374, 0.03809608525156246, -0.009587203749927735, -0.02731639838724908, 0.011279515095661642, 0.05411072180891824, 0.05585726847822377, 0.11081743075121799, -0.025709753603047288, -0.07170497432291024, -0.003796619498467879, -0.02463317329567228, 0.03279775703155, 0.041087283063050845, -0.0992871620631289, 0.050349432222109546, -0.009192279670265452, 0.05627309386017576, -0.09242293109456379, -0.04325951091595926, 0.036276949485557396, -0.009793852133424838, -0.010677516002473533, -0.054680494546529936, -0.06222279136061615, -0.03715261619893888, 0.028663872559029142, -0.0017879752417830942, -0.018300140780821976, -3.828498430138083e-33, 0.020178182381993974, -0.05231857433119008, -0.02706245447963386, -0.010968769199661756, -0.021937991894270856, -0.032331852268637926, 0.06600458971450052, 0.06209204970828943, -0.0406078107853612, 0.029956320318183995, 0.024991636413277216, -1.6927579641126678e-06, 0.012285849209195378, -0.08195674511033202, -0.010278625076969044, -0.010421791683550117, -0.050722135238409474, -0.1346209400348486, 0.012343118271077856, 0.040616072190459804, -0.007259365243953695, -0.05115363995249815, -0.0036892786273740336, 0.023573248894418596, 0.06509852965527597, -0.015914284724005662, -0.05315237430970165, -0.005154059109871274, -0.007247049012338722, -0.021809632478248138, -0.07037769310221448, -0.0017552611999206644, -0.007249962753942872, -0.02045586901987271, -0.09658868487684007, -0.04174704668830304, 0.017714094679245004, 0.029272124259037878, -0.013941705269497742, -0.07945651826899384, 0.03820360943462859, 0.025807076061908192, 0.0011220620259747831, 0.05049253958690489, 0.03081335923273018, 0.06409357784075599, -0.03006585327764161, 0.05079936536100339, -0.049239161521273285, -0.034719485116394, -0.018997809544558663, 0.017563597351263706, 0.010713553162678463, 0.0664049221255306, 0.05703743079028498, 0.05021841669147233, -0.014106284188000473, 0.0544747089893903, 0.01855449104210318, 0.01645769096449508, 0.020076774146336008, -0.02175781763259188, 0.026863055399453804, 0.028655724095569362, 0.022079553279552605, -0.059424997872537716, -0.052788417688721105, -0.03815830561553967, -0.034301269048404186, 0.015525230502985753, -0.037915682354181524, -0.021382454361892397, -0.01985557599689327, -0.01344439647612987, 0.03751695660438629, -0.013168637983917757, 0.009726710762591972, -0.08138240325159478, 0.038557193089922476, -0.02431997898507219, -0.04554017514953645, 0.04163295042047635, -0.013360564138096265, 0.05265830626223994, 0.10924013492260727, 0.03157003417724022, 0.019264059689556898, 0.04412614304437152, 0.01535015323785173, 0.0900622866019764, -0.07639894050624851, -0.044602051918709903, -0.07058743724267141, 0.024026787875975036, -0.03455318803776942, -3.7004953982787005e-08, -0.020746974724217247, 0.014364336081217195, 0.004343720126217365, -0.018768639188032645, -0.007790640497396056, 0.04257289058155184, 0.04347567478825734, 0.05687098107779508, 0.054420831752189994, 0.011431546489832037, 0.011368855532055074, -0.037291066573901285, -0.07361507085302185, -0.0320019043921944, -0.01301827924720373, -0.0005218849154547539, 0.05403885386523721, 0.061252182691297924, -0.0059363926287211224, 0.012474651899068684, -0.05456424568992881, 0.026984394813846402, -0.03910845219844861, -0.034879984253371556, 0.04279612465583221, 0.02145284528735154, -0.00012455177573186121, 0.005288567579408364, -0.003913559336187047, -0.02872023528541297, -0.0037033198680165563, -0.019874576563222134, 0.05044991301368888, 0.033262772686289445, 0.0021529232172694188, 0.017931307017152568, -0.05069160195923756, 0.02121919230018149, -0.025287905719690803, 0.021351107262871056, 